{"cameraMode":{"drawMode":0,"name":"Shaded","section":"Shading Mode"},"sceneLighting":true,"audioPlay":false,"sceneViewState":{"showFog":true,"showMaterialUpdate":false,"showSkybox":true,"showFlares":true,"showImageEffects":true,"showParticleSystems":true},"in2DMode":false,"pivot":{"x":-9.353885650634766,"y":-0.13828229904174806,"z":-18.201276779174806},"rotation":{"x":-0.1758233606815338,"y":0.3502606749534607,"z":-0.06711828708648682,"w":-0.917559802532196},"size":5.966251850128174,"orthographic":false}