{"cameraMode":{"drawMode":0,"name":"Shaded","section":"Shading Mode"},"sceneLighting":true,"audioPlay":false,"sceneViewState":{"showFog":true,"showMaterialUpdate":false,"showSkybox":true,"showFlares":true,"showImageEffects":true,"showParticleSystems":true},"in2DMode":false,"pivot":{"x":-0.24835634231567384,"y":1.3743793964385987,"z":-16.79197883605957},"rotation":{"x":0.008642729371786118,"y":0.9892852306365967,"z":-0.06569547951221466,"w":0.13014312088489533},"size":3.589846134185791,"orthographic":false}