{"cameraMode":{"drawMode":0,"name":"Shaded","section":"Shading Mode"},"sceneLighting":false,"audioPlay":false,"sceneViewState":{"showFog":true,"showMaterialUpdate":false,"showSkybox":false,"showFlares":true,"showImageEffects":true,"showParticleSystems":true},"in2DMode":false,"pivot":{"x":-1.4646656513214112,"y":2.0653576850891115,"z":0.28603577613830569},"rotation":{"x":0.08664898574352265,"y":0.3660653233528137,"z":-0.03425667807459831,"w":0.925919234752655},"size":3.9703502655029299,"orthographic":false}