{"cameraMode":{"drawMode":0,"name":"Shaded","section":"Shading Mode"},"sceneLighting":false,"audioPlay":false,"sceneViewState":{"showFog":false,"showMaterialUpdate":false,"showSkybox":false,"showFlares":false,"showImageEffects":false,"showParticleSystems":false},"in2DMode":false,"pivot":{"x":0.017348527908325197,"y":0.862926721572876,"z":0.008779585361480713},"rotation":{"x":0.008642729371786118,"y":0.9892852306365967,"z":-0.06569547951221466,"w":0.13014312088489533},"size":3.9703497886657717,"orthographic":false}